stock_id,weight
300394,0.231797
688256,0.225328
002384,0.212022
600176,0.167605
300308,0.163248
